Service Center Name,Footer Label,URL
Perfect Touch Automobiles,Car Service in Vartak Nagar,https://www.myfng.in/workshop/my-fng-best-car-service-and-repairs-in-thane
Car Carer,Car Service in Manpada,https://www.myfng.in/workshop/my-fng-car-service-and-repairs-in-manpada-thane
Wadhwa Motors,Car Service in Majiwada,https://www.myfng.in/workshop/my-fng-best-car-service-and-repairs-in-majiwada-thane-west
Landmax Auto Services,Car Service in Dombivli East,https://www.myfng.in/workshop/my-fng-car-service-and-repairs-in-dombivli
Car Tronics,Car Service in Kasarvadavali,https://www.myfng.in/workshop/my-fng-best-car-service-and-repairs-in-kasarvadavali-thane-west
Autoplanet Wheels,Car Service in Ghodbunder Road,https://www.myfng.in/workshop/my-fng-car-service-and-repairs-in-manpada-gb-road-thane-west
Auto Techniq,Car Service in Kolegaon Dombivli,https://www.myfng.in/workshop/my-fng-best-car-service-and-repairs-in-kolegaon-dombivli-east
Takshika Automobiles & Services,Car Service in Kalyan West,https://www.myfng.in/workshop/my-fng-best-car-service-and-repairs-chikanghar-kalyan-west
Royal Rims LLP,Car Service in Badlapur,https://www.myfng.in/workshop/my-fng-car-service-and-repairs-in-badlapur
Coachman Autoworld,Car Service in Titwala,https://www.myfng.in/workshop/my-fng-car-service-and-repairs-in-titwala
Cars Doctor,Car Service in Mira Road East,https://www.myfng.in/workshop/my-fng-best-car-service-and-repairs-in-ramdev-park-mira-road-east
Refine Automobiles,Car Service in Koparkhairane,https://www.myfng.in/workshop/my-fng-best-car-service-and-repairs-in-koparkhairane-navi-mumbai
Steph Motors,Car Service in Vasai West,https://www.myfng.in/workshop/my-fng-car-service-and-repairs-in-vasai-west
Steph Motors,Car Service in Vasai East,https://www.myfng.in/workshop/my-fng-car-service-and-repairs-in-vasai-east
Steph Motors,Car Service in Virar West,https://www.myfng.in/workshop/my-fng-car-service-and-repairs-in-virar-west
Autooverhaul Werke,Car Service in Palghar,https://www.myfng.in/workshop/my-fng-best-car-service-and-repairs-in-palghar
Shalom Multi Car Service Center,Car Service in Andheri East,https://www.myfng.in/workshop/my-fng-car-service-and-repairs-in-marol-andheri-east
SS Cars,Car Service in Malad West,https://www.myfng.in/workshop/my-fng-best-car-service-and-repairs-in-jankalyan-nagar-malad-west
Hasnain Auto Garage,Car Service in Mulund West,https://www.myfng.in/workshop/my-fng-best-car-service-and-repairs-in-moti-nagar-mulund-west
Starline Auto,Car Service in Dadar West,https://www.myfng.in/workshop/my-fng-best-car-service-and-repairs-in-ambedkar-nagar-dadar-west
Jaya Auto,Car Service in Mahalaxmi,https://www.myfng.in/workshop/my-fng-best-car-service-and-repairs-in-mahalaxmi-mumbai
Rapid Car Service,Car Service in Ghatkopar West,https://www.myfng.in/workshop/my-fng-best-car-service-and-repairs-in-milind-nagar-ghatkopar-west
Multibrand A1 Service Center,Car Service in Panvel,https://www.myfng.in/workshop/my-fng-car-service-and-repairs-in-sector-15-panvel
Nityanand Auto Zone,Car Service in Kalamboli,https://www.myfng.in/workshop/my-fng-best-car-service-and-repairs-in-kalamboli
Pelia Industries,Car Service in Khopoli,https://www.myfng.in/workshop/my-fng-car-service-and-repairs-in-khopoli
Maha Mantra Motors,Car Service in Dahisar West,https://www.myfng.in/workshop/my-fng-best-car-service-and-repairs-in-kandarpada-dahisar-west
Shreeji Automobiles,Car Service in Kandivali West,https://www.myfng.in/workshop/my-fng-best-car-service-and-repairs-in-charkop-kandivali-west
Autodoc,Car Service in Borivali West,https://www.myfng.in/workshop/my-fng-best-car-service-and-repairs-in-borivali-west
Highway Motors,Car Service in Chembur,https://www.myfng.in/workshop/my-fng-best-car-service-and-repairs-in-mahul-chembur
Carvicing Total Car Care,Car Service in Miragaon Mira Road,https://www.myfng.in/workshop/my-fng-best-car-service-and-repairs-in-mira-road-east
The Car Clinic,Car Service in Shiravane Nerul,https://www.myfng.in/workshop/my-fng-best-car-service-and-repairs-in-shiravane-nerul
The Motor Works,Car Service in Kharadi Pune,https://www.myfng.in/workshop/my-fng-best-car-service-and-repairs-in-ashoka-nagar-kharadi-pune
Penta Services,Car Service in Saswad Pune,https://www.myfng.in/workshop/my-fng-best-car-service-and-repairs-in-saswad-pune
Unity Auto Works,Car Service in Pimple Saudagar,https://www.myfng.in/workshop/my-fng-best-car-service-and-repairs-in-pimple-saudagar-pimpri-chinchwad
The Motor Works,Car Service in Baner Pune,https://www.myfng.in/workshop/my-fng-best-car-service-and-repairs-in-baner-pune
AB Autoline,Car Service in Wagholi Pune,https://www.myfng.in/workshop/my-fng-best-car-service-and-repairs-in-wagholi-pune
Four Tech Auto,Car Service in Katraj Pune,https://www.myfng.in/workshop/my-fng-best-car-service-and-repairs-in-katraj-pune
The Motor Works,Car Service in Vimanagar Pune,https://www.myfng.in/workshop/my-fng-best-car-service-and-repairs-in-vimanagar-pune
The Motor Works,Car Service in Wakad Pune,https://www.myfng.in/workshop/my-fng-best-car-service-and-repairs-in-wakad-pune
The Garage,Car Service in Tathawade Pune,https://www.myfng.in/workshop/my-fng-best-car-service-and-repairs-in-tathawade-pune
Pune Automotive,Car Service in Hadapsar Pune,https://www.myfng.in/workshop/my-fng-best-car-service-and-repairs-in-hadapsar-pune
Shree Samarth Autoworld,Car Service in Pathardi Phata Nashik,https://www.myfng.in/workshop/my-fng-best-car-service-and-repairs-in-pathardi-phata-nashik
